{"cameraMode":{"drawMode":0,"name":"Shaded","section":"Shading Mode"},"sceneLighting":false,"audioPlay":false,"sceneViewState":{"m_AlwaysRefresh":false,"showFog":true,"showSkybox":true,"showFlares":true,"showImageEffects":true,"showParticleSystems":true,"showVisualEffectGraphs":true,"m_FxEnabled":true},"in2DMode":false,"pivot":{"x":9.621671676635743,"y":-4.452244281768799,"z":0.3902549743652344},"rotation":{"x":0.06594611704349518,"y":-0.013470192439854145,"z":0.0008903254056349397,"w":0.9977317452430725},"size":17.611806869506837,"orthographic":false}