{"cameraMode":{"drawMode":0,"name":"Shaded","section":"Shading Mode"},"sceneLighting":false,"audioPlay":false,"sceneViewState":{"m_AlwaysRefresh":false,"showFog":true,"showSkybox":false,"showFlares":true,"showImageEffects":true,"showParticleSystems":true,"showVisualEffectGraphs":true,"m_FxEnabled":true},"in2DMode":false,"pivot":{"x":-0.1283705234527588,"y":-0.2542276382446289,"z":-0.33619165420532229},"rotation":{"x":-0.008711506612598896,"y":0.5920150279998779,"z":-0.006399182602763176,"w":-0.8058582544326782},"size":1.7660253047943116,"orthographic":false}