{"cameraMode":{"drawMode":0,"name":"Shaded","section":"Shading Mode"},"sceneLighting":false,"audioPlay":false,"sceneViewState":{"m_AlwaysRefresh":false,"showFog":true,"showSkybox":true,"showFlares":true,"showImageEffects":true,"showParticleSystems":true,"showVisualEffectGraphs":true,"m_FxEnabled":true},"in2DMode":false,"pivot":{"x":2.5814480781555177,"y":2.7076869010925295,"z":-0.3494100570678711},"rotation":{"x":0.017780471593141557,"y":0.15534289181232453,"z":-0.002796473680064082,"w":0.9876967072486877},"size":6.880173206329346,"orthographic":false}