{"cameraMode":{"drawMode":0,"name":"Shaded","section":"Shading Mode"},"sceneLighting":false,"audioPlay":false,"sceneViewState":{"m_AlwaysRefresh":false,"showFog":true,"showSkybox":true,"showFlares":true,"showImageEffects":true,"showParticleSystems":true,"showVisualEffectGraphs":true,"m_FxEnabled":true},"in2DMode":false,"pivot":{"x":0.6855158805847168,"y":0.16144192218780518,"z":0.015607357025146485},"rotation":{"x":-0.014746381901204586,"y":0.6675586104393005,"z":-0.013225364498794079,"w":-0.7442979216575623},"size":7.119228363037109,"orthographic":false}